Aktiv;Artikelnummer;Artikelname;HAN;Überverkäufe möglich;Lagerführung aktiv;Lagerbestand (eigen);Verfügbar (gesamt);Im Zulauf;Ø Netto-EK;Netto-VK;Auf Einkaufsliste;Label;Brutto-VK;Gewinn (%);Lieferant;Reserviert (gesamt);Preis eBay;Preis Amazon;EAN;Lagerbestand (gesamt);In Aufträgen;Anmerkung;Steuerklasse;Versandklasse;Amazon FNSKU;Letzter Einkauf;Gewinn;Letzte Änderungen
Y;5303;Gravurmaterial transparent 1,6 mm mit SK-Folie;111626;N;Y;0,00;0,00;0,00;17,25;50,41;0,00;;59,99;65,78;Trotec Laser GmbH;0,00;0,00;0,00;;0,00;0,00;;Normaler Steuersatz;Paketversand standard;;;33,16;26.06.2026
Y;5304-TG;Troglass Satins Fuchsia lichtdurchlässig 3 mm mit SK-Folie;117068;N;Y;0,00;0,00;0,00;18,00;50,41;0,00;;59,99;64,29;Trotec Laser GmbH;0,00;0,00;0,00;;0,00;0,00;;Normaler Steuersatz;Paketversand standard;;;32,41;26.06.2026
Y;5305-TG;TroGlass Color Gloss Schwarz 3mm mit SK-Folie;117128;N;Y;0,00;0,00;0,00;15,70;50,41;0,00;;59,99;68,86;Trotec Laser GmbH;0,00;0,00;0,00;;0,00;0,00;;Normaler Steuersatz;Paketversand standard;;;34,71;26.06.2026
Y;300-CPL-01;Mirror-Material silber selbstklebend 590 x 290 mm 3 mm;CPL-01;Y;Y;0,00;0,00;10,00;5,00;50,41;0,00;;59,99;90,08;IMPORT-BESTELLUNG;0,00;0,00;0,00;;0,00;0,00;Plattenmaterial für TrotecLaser Gravurschilder standard silber selbstklebend;Normaler Steuersatz;Paketversand standard;;;45,41;26.06.2026
Y;300-CPL-02;Mirror-Material hell-gold selbstklebend 590 x 290 mm 3 mm;CPL-01;Y;Y;0,00;0,00;10,00;5,00;50,41;0,00;;59,99;90,08;IMPORT-BESTELLUNG;0,00;0,00;0,00;;0,00;0,00;Plattenmaterial für TrotecLaser Gravurschilder standard silber selbstklebend;Normaler Steuersatz;Paketversand standard;;;45,41;26.06.2026
Y;300-CPL-03;Mirror-Material dark-gold selbstklebend 590 x 290 mm 3 mm;CPL-03;Y;Y;0,00;0,00;10,00;5,00;50,41;0,00;;59,99;90,08;IMPORT-BESTELLUNG;0,00;0,00;0,00;;0,00;0,00;Plattenmaterial für TrotecLaser Gravurschilder standard silber selbstklebend;Normaler Steuersatz;Paketversand standard;;;45,41;26.06.2026
Y;300-CPL-04;Mirror-Material bronce selbstklebend 590 x 290 mm 3 mm;CPL-04;Y;Y;0,00;0,00;10,00;5,00;50,41;0,00;;59,99;90,08;IMPORT-BESTELLUNG;0,00;0,00;0,00;;0,00;0,00;Plattenmaterial für TrotecLaser Gravurschilder standard silber selbstklebend;Normaler Steuersatz;Paketversand standard;;;45,41;26.06.2026
Y;300-CPL-05;Mirror-Material dark-bronce selbstklebend 590 x 290 mm 3 mm;CPL-05;Y;Y;0,00;0,00;10,00;5,00;50,41;0,00;;59,99;90,08;IMPORT-BESTELLUNG;0,00;0,00;0,00;;0,00;0,00;Plattenmaterial für TrotecLaser Gravurschilder standard silber selbstklebend;Normaler Steuersatz;Paketversand standard;;;45,41;26.06.2026
Y;300-CPL-06;Mirror-Material dark antrazit selbstklebend 590 x 290 mm 3 mm;CPL-06;Y;Y;0,00;0,00;10,00;5,00;50,41;0,00;;59,99;90,08;IMPORT-BESTELLUNG;0,00;0,00;0,00;;0,00;0,00;Plattenmaterial für TrotecLaser Gravurschilder standard silber selbstklebend;Normaler Steuersatz;Paketversand standard;;;45,41;26.06.2026
Y;300-CPL-07;Mirror-Material gold selbstklebend 590 x 290 mm 3 mm;CPL-07;Y;Y;0,00;0,00;10,00;5,00;50,41;0,00;;59,99;90,08;IMPORT-BESTELLUNG;0,00;0,00;0,00;;0,00;0,00;Plattenmaterial für TrotecLaser Gravurschilder standard silber selbstklebend;Normaler Steuersatz;Paketversand standard;;;45,41;26.06.2026
Y;300-CPL-09;Mirror-Material lila-selbstklebend 590 x 290 mm 3 mm;CPL-09;Y;Y;0,00;0,00;10,00;5,00;50,41;0,00;;59,99;90,08;IMPORT-BESTELLUNG;0,00;0,00;0,00;;0,00;0,00;Plattenmaterial für TrotecLaser Gravurschilder standard silber selbstklebend;Normaler Steuersatz;Paketversand standard;;;45,41;26.06.2026
Y;51492-TG;TroGlass Mirror, Gold Champagne, 2,9mm 610x305 mm mit SK-Folie;1005249;N;Y;0,00;0,00;10,00;18,00;50,41;0,00;;59,99;64,29;Trotec Laser GmbH;0,00;0,00;0,00;;0,00;0,00;;Normaler Steuersatz;Paketversand standard;;;32,41;26.06.2026
Y;51493-TG;TroGlass Mirror, rose-gold 2,9mm 610 x 305 mm mit SK-Folie;144143;N;Y;0,00;0,00;10,00;18,00;50,41;0,00;;59,99;64,29;Trotec Laser GmbH;0,00;0,00;0,00;;0,00;0,00;;Normaler Steuersatz;Paketversand standard;;;32,41;26.06.2026
Y;51494-TG;TroGlass Mirror, Iridescent - rot schillernd, 2,9mm 610 x 305 mm mit SK-Folie;1000624;N;Y;0,00;0,00;0,00;18,00;50,41;0,00;;59,99;64,29;Trotec Laser GmbH;0,00;0,00;0,00;;0,00;0,00;;Normaler Steuersatz;Paketversand standard;;;32,41;26.06.2026
Y;51495-TG;TroGlass Mirror, chrome-schwarz 2,9mm 610 x 305 mm mit SK-Folie;71619-LMT324-206;N;Y;0,00;0,00;0,00;18,00;50,41;0,00;;59,99;64,29;Trotec Laser GmbH;0,00;0,00;0,00;;0,00;0,00;;Normaler Steuersatz;Paketversand standard;;;32,41;26.06.2026
Y;51496-TG;TroGlass Mirror, rot 2,9mm 610 x 305 mm mit SK-Folie;200552;N;Y;0,00;0,00;0,00;18,00;50,41;0,00;;59,99;64,29;Trotec Laser GmbH;0,00;0,00;0,00;;0,00;0,00;;Normaler Steuersatz;Paketversand standard;;;32,41;26.06.2026
Y;51498-TG;TroGlass Mirror, Iridescent - blau schillernd, 2,9mm 610 x 305 mm mit SK-Folie;1000625;N;Y;0,00;0,00;0,00;18,00;50,41;0,00;;59,99;64,29;Trotec Laser GmbH;0,00;0,00;0,00;;0,00;0,00;;Normaler Steuersatz;Paketversand standard;;;32,41;26.06.2026
Y;51499-TG;TroGlass Mirror, Silver, 2,9mm 610x305 mm mit SK-Folie;1005201;N;Y;0,00;0,00;10,00;18,00;50,41;0,00;;59,99;64,29;Trotec Laser GmbH;0,00;0,00;0,00;;0,00;0,00;;Normaler Steuersatz;Paketversand standard;;;32,41;26.06.2026
Y;51500-TG;TroGlass Mirror, night sky black, 2,9mm 610x305 mm mit SK-Folie; 1001662-Q;N;Y;0,00;0,00;10,00;18,00;50,41;0,00;;59,99;64,29;Trotec Laser GmbH;0,00;0,00;0,00;;0,00;0,00;;Normaler Steuersatz;Paketversand standard;;;32,41;26.06.2026